{"gamma": -2.163876397091331e-05, "station_corrections": {"NZ.DSZ..HHZ": 1.7407246181206775, "NZ.PLWZ..EHZ": 1.1467760940745548, "NZ.TRWZ..EHZ": 1.2145697858567308, "5L.HANM..HHZ": 1.8398362741633576, "NZ.WLCZ..HHZ": 1.7504215309977815, "5L.CLAR..HHZ": 1.6998946544179754, "5L.AIRS..HHZ": 1.5440368239573736, "NZ.BHW..EHZ": 1.8108457605139163, "5L.WALK..HHZ": 1.8999920781705006, "5L.BRAN..HHZ": 1.778042671995808, "NZ.MTW..EHZ": 1.8049122309499879, "NZ.INZ..HHZ": 1.9259842518979942, "5L.ROSS..HHZ": 1.4819483468607755, "5L.GLAZ..HHZ": 1.8344576402482604, "NZ.NNZ..HHZ": 1.7759138566815278, "NZ.WMVZ..HHZ": 1.6208214956171725, "NZ.BFZ..HHZ": 1.9029697233577758, "NZ.CMWZ..EHZ": 1.4635055386196676, "NZ.MQZ..HHZ": 1.888504006929623, "5L.SNOW..HHZ": 1.69092386357038, "NZ.TIWZ..EHZ": 0.8088686520611019, "NZ.WEL..HHZ": 1.478602483174937, "5L.MCRA..HHZ": 1.8395972971265826, "NZ.LREZ..EHZ": 1.2935251773755376, "NZ.HOWZ..EHZ": 1.7899216969721328, "5L.GLEN..HHZ": 1.5361655092444617, "5L.YANK..HHZ": 1.7164458276559067, "5L.HENR..HHZ": 1.9262489256979265, "NZ.ARCZ..EHZ": 2.0170251589940422, "5L.TWEE..HHZ": 1.7567904141030959, "5L.ASCH..HHZ": 1.78876769127214, "NZ.WAZ..HHZ": 1.4552118046922011, "NZ.CRSZ..EHZ": 1.5472697824892172, "NZ.NMEZ..EHZ": 1.2595724248412983, "NZ.OGWZ..EHZ": 1.7591113741936224, "NZ.MWOZ..HHZ": 1.2391641951163295, "NZ.DUWZ..EHZ": 1.5726944354804968, "5L.TOPH..HHZ": 1.7591821013257034, "5L.DIGG..HHZ": 1.4263399191553945, "NZ.MTVZ..HHZ": 1.217822818734084, "5L.NGAI..HHZ": 1.4232533303059212, "NZ.AMCZ..EHZ": 1.2212007590617313, "NZ.OKCZ..EHZ": 1.359623885085859, "NZ.KHZ..HHZ": 1.8776683660894484, "NZ.TUWZ..EHZ": 1.0676785570608385, "5L.TENT..HHZ": 1.797780723642076, "5L.HOSS..HHZ": 1.8472650156020183, "NZ.KIW..EHZ": 1.2468161635990427, "NZ.THZ..HHZ": 2.077590366747601, "5L.TENN..HHZ": 1.8376130653104483, "5L.GORE..HHZ": 1.2552450578504266, "5L.GLAD..HHZ": 1.785104335818667, "NZ.BSWZ..HHZ": 1.8806674841633655, "NZ.IFMZ..HHZ": 1.566047869712789, "NZ.DVHZ..EHZ": 2.004828547174924, "NZ.ANWZ..EHZ": 0.8985670207399965, "5L.AVON..HHZ": 1.7922862347454982, "NZ.RPZ..HHZ": 1.984681900986688, "NZ.MRNZ..EHZ": 1.727730036367182, "NZ.PAWZ..EHZ": 1.82921000913122, "NZ.MSWZ..EHZ": 1.7043765288776491, "NZ.HPRZ..HHZ": 1.5196949113198766, "5L.EMIL..HHZ": 1.6000131055915103, "5L.LEAD..HHZ": 1.8209866527730836, "5L.PASK..HHZ": 1.7578080792667876, "NZ.TMWZ..EHZ": 1.2197392081036857, "NZ.TCW..EHZ": 1.0416727383794036, "5L.SAXT..HHZ": 1.9446790781089633, "NZ.OXZ..HHZ": 1.6191809719432264, "NZ.MHCZ..EHZ": 1.923280914976929, "NZ.CPWZ..EHZ": 1.4134119847245743, "5L.AMUR..HHZ": 1.765867952756341, "5L.EMPS..HHZ": 1.7781218446894165, "5L.NEED..HHZ": 1.8811331288500424, "5L.CORL..HHZ": 1.7925904664796795, "5L.WAIH..HHZ": 1.9901586337066732, "5L.SEVE..HHZ": 1.852919288140435, "NZ.WPHZ..EHZ": 1.294817708054209, "5L.CLOU..HHZ": 1.6118620762617057, "5L.LEAT..HHZ": 1.995174609446925, "NZ.OHWZ..HHZ": 1.141129076518946, "5L.MEAD..HHZ": 1.6628575722477166, "5L.MRCH..HHZ": 1.8443784176319298, "NZ.POWZ..EHZ": 1.7859646072480257, "5L.RAGL..HHZ": 1.7604474824333407, "5L.WARD..HHZ": 1.4699446889588879, "NZ.WRRZ..HHZ": 1.7858011904594062, "NZ.BHHZ..EHZ": 2.1579441843533917, "5L.ALMA..HHZ": 1.868939197226529, "5L.KENN..HHZ": 1.4774937483578134, "5L.ACHE..HHZ": 1.802331246533731, "NZ.LTZ..HHZ": 2.0121675775410135, "5L.PINO..HHZ": 1.7914369511413835, "NZ.QRZ..HHZ": 1.775091489262143, "NZ.CAW..EHZ": 1.587663579296915, "5L.RAIN..HHZ": 1.5932546529537084, "NZ.WACZ..EHZ": 1.7898715415401618, "NZ.TSZ..HHZ": 1.8299331746658303, "NZ.MRZ..HHZ": 1.9971092811732896, "5L.COBB..HHZ": 1.6695287069869316, "NZ.PRWZ..EHZ": 1.6718453051814106, "NZ.KRHZ..EHZ": 1.3282585034663432, "5L.WYEH..HHZ": 1.9157445123401504, "NZ.TKNZ..EHZ": 1.4810176182156143, "NZ.DBHZ..HHZ": 1.900248477945804, "NZ.RACZ..EHZ": 1.7784386705772253, "NZ.GVZ..HHZ": 1.794634742712323}}